alpha,n,k,all_component_b,min_margin_a,worst_stability_median,worst_stability_max,max_generations_over_10x,median_cost_ns,05_100_reach,05_100_locked_moved,05_100_rep3_baseline,05_100_rep3_ceiling,05_100_rep3_se,05_100_rep3_drop_over_se,05_100_rep3_baseline_without_locks,05_100_rep3_ceiling_without_locks,05_100_rep3_se_without_locks,05_100_rep3_drop_over_se_without_locks,05_300_reach,05_300_locked_moved,05_300_rep3_baseline,05_300_rep3_ceiling,05_300_rep3_se,05_300_rep3_drop_over_se,05_300_rep3_baseline_without_locks,05_300_rep3_ceiling_without_locks,05_300_rep3_se_without_locks,05_300_rep3_drop_over_se_without_locks,15_100_reach,15_100_locked_moved,15_100_rep3_baseline,15_100_rep3_ceiling,15_100_rep3_se,15_100_rep3_drop_over_se,15_100_rep3_baseline_without_locks,15_100_rep3_ceiling_without_locks,15_100_rep3_se_without_locks,15_100_rep3_drop_over_se_without_locks,15_300_reach,15_300_locked_moved,15_300_rep3_baseline,15_300_rep3_ceiling,15_300_rep3_se,15_300_rep3_drop_over_se,15_300_rep3_baseline_without_locks,15_300_rep3_ceiling_without_locks,15_300_rep3_se_without_locks,15_300_rep3_drop_over_se_without_locks
0.1,1,3,True,135.2340425531915,23.4976,212.045,41,237.9925,6,0,0.09062516565579103,0.08508652546853333,0.027914212622178768,0.19841649349826418,0.04564643520291179,0.03973855233650358,0.011727422696718358,0.5037665153880223,10,0,0.13958775324289352,0.11206489302225173,0.034248190782269844,0.8036296105571297,0.08737235066266585,0.05801463309398128,0.018531657005788613,1.5841927982756374,6,0,0.018730548899721835,0.016392113525572176,0.009507478083025253,0.24595748249209495,0.018730548899721835,0.016392113525572176,0.009507478083025253,0.24595748249209495,10,0,0.041387233810933545,0.03165565788496807,0.017179348837988093,0.5664694289486913,0.041387233810933545,0.03165565788496807,0.017179348837988093,0.5664694289486913
0.1,1,6,True,71.33925198337741,14.9519,150.088,30,330.20500000000004,10,1,0.09062516565579103,0.06510353227125441,0.027914212622178768,0.9142881345060339,0.04564643520291179,0.0383780081188165,0.011727422696718358,0.6197804301988008,13,1,0.13958775324289352,0.08803816505768614,0.034248190782269844,1.5051769745423866,0.08737235066266585,0.053862633332225414,0.018531657005788613,1.8082418274832752,8,0,0.018730548899721835,0.016392113525572176,0.009507478083025253,0.24595748249209495,0.018730548899721835,0.016392113525572176,0.009507478083025253,0.24595748249209495,13,0,0.041387233810933545,0.02829995318698149,0.017179348837988093,0.7618030664242995,0.041387233810933545,0.02829995318698149,0.017179348837988093,0.7618030664242995
0.1,1,10,True,52.59825327510917,10.6797,113.177,26,443.85125,11,2,0.09062516565579103,0.049797409822274825,0.027914212622178768,1.4626153488949638,0.04564643520291179,0.0383780081188165,0.011727422696718358,0.6197804301988008,15,2,0.13958775324289352,0.0676784190809235,0.034248190782269844,2.0996535151047224,0.08737235066266585,0.052428941575953014,0.018531657005788613,1.8856062939108897,8,0,0.018730548899721835,0.016392113525572176,0.009507478083025253,0.24595748249209495,0.018730548899721835,0.016392113525572176,0.009507478083025253,0.24595748249209495,14,0,0.041387233810933545,0.02725129546886068,0.017179348837988093,0.8228448281354271,0.041387233810933545,0.02725129546886068,0.017179348837988093,0.8228448281354271
0.1,2,3,True,90.11342155009451,23.4976,212.045,41,237.9925,16,2,0.09062516565579103,0.030997498553419454,0.027914212622178768,2.1361042100465846,0.04564643520291179,0.018324769432037445,0.011727422696718358,2.3297246528446243,22,2,0.13958775324289352,0.03809298321605743,0.034248190782269844,2.9635074936390375,0.08737235066266585,0.020871143320095875,0.018531657005788613,3.5885192199379383,10,0,0.018730548899721835,0.015093537414965988,0.009507478083025253,0.3825421897368771,0.018730548899721835,0.015093537414965988,0.009507478083025253,0.3825421897368771,17,0,0.041387233810933545,0.016945676943973347,0.017179348837988093,1.4227289461002992,0.041387233810933545,0.016945676943973347,0.017179348837988093,1.4227289461002992
0.1,2,6,True,47.50566037735849,14.9519,150.088,30,330.20500000000004,19,3,0.09062516565579103,0.01668149818066761,0.027914212622178768,2.648961246944602,0.04564643520291179,0.017793598059378794,0.011727422696718358,2.37501775657212,26,3,0.13958775324289352,0.016355460887189602,0.034248190782269844,3.5982132060389245,0.08737235066266585,0.017445824946335592,0.018531657005788613,3.7733552749485795,14,0,0.018730548899721835,0.014668367346938778,0.009507478083025253,0.4272617320081671,0.018730548899721835,0.014668367346938778,0.009507478083025253,0.4272617320081671,21,0,0.041387233810933545,0.00044679551220601355,0.017179348837988093,2.3831193303553726,0.041387233810933545,0.00044679551220601355,0.017179348837988093,2.3831193303553726
0.1,2,10,True,37.5,10.6797,113.177,26,443.85125,20,3,0.09062516565579103,0.01646891314665401,0.027914212622178768,2.6565769027000035,0.04564643520291179,0.01756684068976428,0.011727422696718358,2.3943534090405834,27,3,0.13958775324289352,0.015011374865684227,0.034248190782269844,3.63745866662545,0.08737235066266585,0.0160121331900632,0.018531657005788613,3.8507197413761936,14,0,0.018730548899721835,0.014668367346938778,0.009507478083025253,0.4272617320081671,0.018730548899721835,0.014668367346938778,0.009507478083025253,0.4272617320081671,21,0,0.041387233810933545,0.00044679551220601355,0.017179348837988093,2.3831193303553726,0.041387233810933545,0.00044679551220601355,0.017179348837988093,2.3831193303553726
0.1,3,3,True,96.1573373676248,23.4976,212.045,41,237.9925,17,3,0.09062516565579103,0.017179471342535113,0.027914212622178768,2.6311218341477014,0.04564643520291179,0.018324769432037445,0.011727422696718358,2.3297246528446243,24,3,0.13958775324289352,0.01783816702270631,0.034248190782269844,3.554920229048026,0.08737235066266585,0.019027378157553426,0.018531657005788613,3.688011950780438,11,0,0.018730548899721835,0.014668367346938778,0.009507478083025253,0.4272617320081671,0.018730548899721835,0.014668367346938778,0.009507478083025253,0.4272617320081671,18,0,0.041387233810933545,0.0011459006576198805,0.017179348837988093,2.3424248225479545,0.041387233810933545,0.0011459006576198805,0.017179348837988093,2.3424248225479545
0.1,3,6,True,50.30234416622269,14.9519,150.088,30,330.20500000000004,19,3,0.09062516565579103,0.01668149818066761,0.027914212622178768,2.648961246944602,0.04564643520291179,0.017793598059378794,0.011727422696718358,2.37501775657212,27,3,0.13958775324289352,0.015011374865684227,0.034248190782269844,3.63745866662545,0.08737235066266585,0.0160121331900632,0.018531657005788613,3.8507197413761936,14,0,0.018730548899721835,0.014668367346938778,0.009507478083025253,0.4272617320081671,0.018730548899721835,0.014668367346938778,0.009507478083025253,0.4272617320081671,21,0,0.041387233810933545,0.00044679551220601355,0.017179348837988093,2.3831193303553726,0.041387233810933545,0.00044679551220601355,0.017179348837988093,2.3831193303553726
0.1,3,10,True,37.562370062370064,10.6797,113.177,26,443.85125,20,3,0.09062516565579103,0.01646891314665401,0.027914212622178768,2.6565769027000035,0.04564643520291179,0.01756684068976428,0.011727422696718358,2.3943534090405834,27,3,0.13958775324289352,0.015011374865684227,0.034248190782269844,3.63745866662545,0.08737235066266585,0.0160121331900632,0.018531657005788613,3.8507197413761936,14,0,0.018730548899721835,0.014668367346938778,0.009507478083025253,0.4272617320081671,0.018730548899721835,0.014668367346938778,0.009507478083025253,0.4272617320081671,21,0,0.041387233810933545,0.00044679551220601355,0.017179348837988093,2.3831193303553726,0.041387233810933545,0.00044679551220601355,0.017179348837988093,2.3831193303553726
0.3,1,3,True,45.07801418439716,23.4976,212.045,41,237.9925,17,2,0.09062516565579103,0.04145668222688885,0.027914212622178768,1.7614139468808154,0.04564643520291179,0.029481232017071462,0.011727422696718358,1.3784105513962397,21,2,0.13958775324289352,0.055507392529760904,0.034248190782269844,2.45503072695626,0.08737235066266585,0.03944651325471292,0.018531657005788613,2.5861603953161154,14,0,0.018730548899721835,0.009353741496598641,0.009507478083025253,0.9862560103992919,0.018730548899721835,0.009353741496598641,0.009507478083025253,0.9862560103992919,21,0,0.041387233810933545,0.02302789170907402,0.017179348837988093,1.0686867281757593,0.041387233810933545,0.02302789170907402,0.017179348837988093,1.0686867281757593
0.3,1,6,True,23.779750661125803,14.9519,150.088,30,330.20500000000004,19,2,0.09062516565579103,0.04060634209083443,0.027914212622178768,1.7918765699024226,0.04564643520291179,0.02857420253861341,0.011727422696718358,1.4557531612700922,23,2,0.13958775324289352,0.052707510419533976,0.034248190782269844,2.5367834282311086,0.08737235066266585,0.03645997233713752,0.018531657005788613,2.7473192661414556,16,0,0.018730548899721835,0.00892857142857143,0.009507478083025253,1.030975552670582,0.018730548899721835,0.00892857142857143,0.009507478083025253,1.030975552670582,23,0,0.041387233810933545,0.01624657179855948,0.017179348837988093,1.4634234539077173,0.041387233810933545,0.01624657179855948,0.017179348837988093,1.4634234539077173
0.3,1,10,True,17.532751091703055,10.6797,113.177,26,443.85125,19,2,0.09062516565579103,0.04060634209083443,0.027914212622178768,1.7918765699024226,0.04564643520291179,0.02857420253861341,0.011727422696718358,1.4557531612700922,23,2,0.13958775324289352,0.052707510419533976,0.034248190782269844,2.5367834282311086,0.08737235066266585,0.03645997233713752,0.018531657005788613,2.7473192661414556,17,0,0.018730548899721835,0.008503401360544218,0.009507478083025253,1.075695094941872,0.018730548899721835,0.008503401360544218,0.009507478083025253,1.075695094941872,24,0,0.041387233810933545,0.01624657179855948,0.017179348837988093,1.4634234539077173,0.041387233810933545,0.01624657179855948,0.017179348837988093,1.4634234539077173
0.3,2,3,True,30.03780718336484,23.4976,212.045,41,237.9925,28,3,0.09062516565579103,0.00607993197278911,0.027914212622178768,3.0287522283837562,0.04564643520291179,0.006485260770975054,0.011727422696718358,3.3392822485110103,32,3,0.13958775324289352,0.004557291666666657,0.034248190782269844,3.942703497380995,0.08737235066266585,0.004861111111111122,0.018531657005788613,4.452448020475516,22,0,0.018730548899721835,0.000637755102040817,0.009507478083025253,1.9030066269607366,0.018730548899721835,0.000637755102040817,0.009507478083025253,1.9030066269607366,25,0,0.041387233810933545,0.0003097341086972377,0.017179348837988093,2.3910975957018272,0.041387233810933545,0.0003097341086972377,0.017179348837988093,2.3910975957018272
0.3,2,6,True,15.835220125786163,14.9519,150.088,30,330.20500000000004,30,3,0.09062516565579103,0.00607993197278911,0.027914212622178768,3.0287522283837562,0.04564643520291179,0.006485260770975054,0.011727422696718358,3.3392822485110103,32,3,0.13958775324289352,0.004557291666666657,0.034248190782269844,3.942703497380995,0.08737235066266585,0.004861111111111122,0.018531657005788613,4.452448020475516,22,0,0.018730548899721835,0.000637755102040817,0.009507478083025253,1.9030066269607366,0.018730548899721835,0.000637755102040817,0.009507478083025253,1.9030066269607366,25,0,0.041387233810933545,0.0003097341086972377,0.017179348837988093,2.3910975957018272,0.041387233810933545,0.0003097341086972377,0.017179348837988093,2.3910975957018272
0.3,2,10,True,12.500000000000002,10.6797,113.177,26,443.85125,31,3,0.09062516565579103,0.00607993197278911,0.027914212622178768,3.0287522283837562,0.04564643520291179,0.006485260770975054,0.011727422696718358,3.3392822485110103,33,3,0.13958775324289352,0.004166666666666652,0.034248190782269844,3.954109209363954,0.08737235066266585,0.004444444444444445,0.018531657005788613,4.474932068531042,24,0,0.018730548899721835,0.00021258503401360568,0.009507478083025253,1.9477261692320267,0.018730548899721835,0.00021258503401360568,0.009507478083025253,1.9477261692320267,25,0,0.041387233810933545,0.0003097341086972377,0.017179348837988093,2.3910975957018272,0.041387233810933545,0.0003097341086972377,0.017179348837988093,2.3910975957018272
0.3,3,3,True,32.05244578920827,23.4976,212.045,41,237.9925,28,3,0.09062516565579103,0.00607993197278911,0.027914212622178768,3.0287522283837562,0.04564643520291179,0.006485260770975054,0.011727422696718358,3.3392822485110103,33,3,0.13958775324289352,0.004166666666666652,0.034248190782269844,3.954109209363954,0.08737235066266585,0.004444444444444445,0.018531657005788613,4.474932068531042,22,0,0.018730548899721835,0.000637755102040817,0.009507478083025253,1.9030066269607366,0.018730548899721835,0.000637755102040817,0.009507478083025253,1.9030066269607366,25,0,0.041387233810933545,0.0003097341086972377,0.017179348837988093,2.3910975957018272,0.041387233810933545,0.0003097341086972377,0.017179348837988093,2.3910975957018272
0.3,3,6,True,16.767448055407563,14.9519,150.088,30,330.20500000000004,30,3,0.09062516565579103,0.00607993197278911,0.027914212622178768,3.0287522283837562,0.04564643520291179,0.006485260770975054,0.011727422696718358,3.3392822485110103,33,3,0.13958775324289352,0.004166666666666652,0.034248190782269844,3.954109209363954,0.08737235066266585,0.004444444444444445,0.018531657005788613,4.474932068531042,22,0,0.018730548899721835,0.000637755102040817,0.009507478083025253,1.9030066269607366,0.018730548899721835,0.000637755102040817,0.009507478083025253,1.9030066269607366,25,0,0.041387233810933545,0.0003097341086972377,0.017179348837988093,2.3910975957018272,0.041387233810933545,0.0003097341086972377,0.017179348837988093,2.3910975957018272
0.3,3,10,True,12.52079002079002,10.6797,113.177,26,443.85125,31,3,0.09062516565579103,0.00607993197278911,0.027914212622178768,3.0287522283837562,0.04564643520291179,0.006485260770975054,0.011727422696718358,3.3392822485110103,33,3,0.13958775324289352,0.004166666666666652,0.034248190782269844,3.954109209363954,0.08737235066266585,0.004444444444444445,0.018531657005788613,4.474932068531042,24,0,0.018730548899721835,0.00021258503401360568,0.009507478083025253,1.9477261692320267,0.018730548899721835,0.00021258503401360568,0.009507478083025253,1.9477261692320267,25,0,0.041387233810933545,0.0003097341086972377,0.017179348837988093,2.3910975957018272,0.041387233810933545,0.0003097341086972377,0.017179348837988093,2.3910975957018272
0.6,1,3,True,22.53900709219858,23.4976,212.045,41,237.9925,24,2,0.09062516565579103,0.030189675424167763,0.027914212622178768,2.165043701917111,0.04564643520291179,0.017463091427502297,0.011727422696718358,2.403200132224784,27,2,0.13958775324289352,0.03356893607378941,0.034248190782269844,3.0956034391162537,0.08737235066266585,0.01604549303500999,0.018531657005788613,3.8489195869196133,21,0,0.018730548899721835,0.008290816326530613,0.009507478083025253,1.098054866077517,0.018730548899721835,0.008290816326530613,0.009507478083025253,1.098054866077517,27,0,0.041387233810933545,0.01624657179855948,0.017179348837988093,1.4634234539077173,0.041387233810933545,0.01624657179855948,0.017179348837988093,1.4634234539077173
0.6,1,6,True,11.889875330562901,14.9519,150.088,30,330.20500000000004,27,2,0.09062516565579103,0.02926653219427306,0.027914212622178768,2.198114426224815,0.04564643520291179,0.016478405315614623,0.011727422696718358,2.487164540889206,30,2,0.13958775324289352,0.0326647360647474,0.034248190782269844,3.122004834004246,0.08737235066266585,0.015081013025365186,0.018531657005788613,3.9009645826446873,26,0,0.018730548899721835,0.008078231292517007,0.009507478083025253,1.120414637213162,0.018730548899721835,0.008078231292517007,0.009507478083025253,1.120414637213162,31,0,0.041387233810933545,0.016078561045871305,0.017179348837988093,1.473203263042081,0.041387233810933545,0.016078561045871305,0.017179348837988093,1.473203263042081
0.6,1,10,True,8.766375545851528,10.6797,113.177,26,443.85125,29,3,0.09062516565579103,0.015448504983388706,0.027914212622178768,2.693132050325932,0.04564643520291179,0.016478405315614623,0.011727422696718358,2.487164540889206,32,3,0.13958775324289352,0.014138449711279838,0.034248190782269844,3.66294687883362,0.08737235066266585,0.015081013025365186,0.018531657005788613,3.9009645826446873,29,0,0.018730548899721835,0.008078231292517007,0.009507478083025253,1.120414637213162,0.018730548899721835,0.008078231292517007,0.009507478083025253,1.120414637213162,33,0,0.041387233810933545,0.01593683768986224,0.017179348837988093,1.4814528979581425,0.041387233810933545,0.01593683768986224,0.017179348837988093,1.4814528979581425
0.6,2,3,True,15.01890359168242,23.4976,212.045,41,237.9925,34,3,0.09062516565579103,0.00416666666666668,0.027914212622178768,3.0972931301823716,0.04564643520291179,0.004444444444444438,0.011727422696718358,3.5133031207271785,34,3,0.13958775324289352,0.004166666666666652,0.034248190782269844,3.954109209363954,0.08737235066266585,0.004444444444444445,0.018531657005788613,4.474932068531042,27,0,0.018730548899721835,0.00021258503401360568,0.009507478083025253,1.9477261692320267,0.018730548899721835,0.00021258503401360568,0.009507478083025253,1.9477261692320267,28,0,0.041387233810933545,0.0003097341086972377,0.017179348837988093,2.3910975957018272,0.041387233810933545,0.0003097341086972377,0.017179348837988093,2.3910975957018272
0.6,2,6,True,7.917610062893082,14.9519,150.088,30,330.20500000000004,34,3,0.09062516565579103,0.00416666666666668,0.027914212622178768,3.0972931301823716,0.04564643520291179,0.004444444444444438,0.011727422696718358,3.5133031207271785,34,3,0.13958775324289352,0.004166666666666652,0.034248190782269844,3.954109209363954,0.08737235066266585,0.004444444444444445,0.018531657005788613,4.474932068531042,31,0,0.018730548899721835,0.00021258503401360568,0.009507478083025253,1.9477261692320267,0.018730548899721835,0.00021258503401360568,0.009507478083025253,1.9477261692320267,31,0,0.041387233810933545,0.0003097341086972377,0.017179348837988093,2.3910975957018272,0.041387233810933545,0.0003097341086972377,0.017179348837988093,2.3910975957018272
0.6,2,10,True,6.250000000000001,10.6797,113.177,26,443.85125,35,3,0.09062516565579103,0.00416666666666668,0.027914212622178768,3.0972931301823716,0.04564643520291179,0.004444444444444438,0.011727422696718358,3.5133031207271785,35,3,0.13958775324289352,0.004166666666666652,0.034248190782269844,3.954109209363954,0.08737235066266585,0.004444444444444445,0.018531657005788613,4.474932068531042,34,0,0.018730548899721835,0.0,0.009507478083025253,1.9700859403676718,0.018730548899721835,0.0,0.009507478083025253,1.9700859403676718,34,0,0.041387233810933545,0.00014172335600906583,0.017179348837988093,2.4008774048361907,0.041387233810933545,0.00014172335600906583,0.017179348837988093,2.4008774048361907
0.6,3,3,True,16.026222894604135,23.4976,212.045,41,237.9925,34,3,0.09062516565579103,0.00416666666666668,0.027914212622178768,3.0972931301823716,0.04564643520291179,0.004444444444444438,0.011727422696718358,3.5133031207271785,34,3,0.13958775324289352,0.004166666666666652,0.034248190782269844,3.954109209363954,0.08737235066266585,0.004444444444444445,0.018531657005788613,4.474932068531042,27,0,0.018730548899721835,0.00021258503401360568,0.009507478083025253,1.9477261692320267,0.018730548899721835,0.00021258503401360568,0.009507478083025253,1.9477261692320267,28,0,0.041387233810933545,0.0003097341086972377,0.017179348837988093,2.3910975957018272,0.041387233810933545,0.0003097341086972377,0.017179348837988093,2.3910975957018272
0.6,3,6,True,8.383724027703781,14.9519,150.088,30,330.20500000000004,34,3,0.09062516565579103,0.00416666666666668,0.027914212622178768,3.0972931301823716,0.04564643520291179,0.004444444444444438,0.011727422696718358,3.5133031207271785,34,3,0.13958775324289352,0.004166666666666652,0.034248190782269844,3.954109209363954,0.08737235066266585,0.004444444444444445,0.018531657005788613,4.474932068531042,31,0,0.018730548899721835,0.00021258503401360568,0.009507478083025253,1.9477261692320267,0.018730548899721835,0.00021258503401360568,0.009507478083025253,1.9477261692320267,31,0,0.041387233810933545,0.0003097341086972377,0.017179348837988093,2.3910975957018272,0.041387233810933545,0.0003097341086972377,0.017179348837988093,2.3910975957018272
0.6,3,10,True,6.26039501039501,10.6797,113.177,26,443.85125,35,3,0.09062516565579103,0.00416666666666668,0.027914212622178768,3.0972931301823716,0.04564643520291179,0.004444444444444438,0.011727422696718358,3.5133031207271785,35,3,0.13958775324289352,0.004166666666666652,0.034248190782269844,3.954109209363954,0.08737235066266585,0.004444444444444445,0.018531657005788613,4.474932068531042,34,0,0.018730548899721835,0.0,0.009507478083025253,1.9700859403676718,0.018730548899721835,0.0,0.009507478083025253,1.9700859403676718,34,0,0.041387233810933545,0.00014172335600906583,0.017179348837988093,2.4008774048361907,0.041387233810933545,0.00014172335600906583,0.017179348837988093,2.4008774048361907
1.0,1,3,True,13.523404255319148,23.4976,212.045,41,237.9925,30,3,0.09062516565579103,0.015235919949375093,0.027914212622178768,2.700747706081334,0.04564643520291179,0.016251647946000106,0.011727422696718358,2.5065001933576694,32,3,0.13958775324289352,0.01374782471127986,0.034248190782269844,3.674352590816578,0.08737235066266585,0.01466434635869851,0.018531657005788613,3.923448630700213,28,0,0.018730548899721835,0.008078231292517007,0.009507478083025253,1.120414637213162,0.018730548899721835,0.008078231292517007,0.009507478083025253,1.120414637213162,32,0,0.041387233810933545,0.01593683768986224,0.017179348837988093,1.4814528979581425,0.041387233810933545,0.01593683768986224,0.017179348837988093,1.4814528979581425
1.0,1,6,True,7.1339251983377405,14.9519,150.088,30,330.20500000000004,33,3,0.09062516565579103,0.01438557981332067,0.027914212622178768,2.7312103291029417,0.04564643520291179,0.015344618467542055,0.011727422696718358,2.583842803231522,34,3,0.13958775324289352,0.01374782471127986,0.034248190782269844,3.674352590816578,0.08737235066266585,0.01466434635869851,0.018531657005788613,3.923448630700213,32,0,0.018730548899721835,0.008078231292517007,0.009507478083025253,1.120414637213162,0.018730548899721835,0.008078231292517007,0.009507478083025253,1.120414637213162,36,0,0.041387233810933545,0.01593683768986224,0.017179348837988093,1.4814528979581425,0.041387233810933545,0.01593683768986224,0.017179348837988093,1.4814528979581425
1.0,1,10,True,5.259825327510917,10.6797,113.177,26,443.85125,35,3,0.09062516565579103,0.01374782471127986,0.027914212622178768,2.7540572963691465,0.04564643520291179,0.01466434635869852,0.011727422696718358,2.641849760636911,35,3,0.13958775324289352,0.01374782471127986,0.034248190782269844,3.674352590816578,0.08737235066266585,0.01466434635869851,0.018531657005788613,3.923448630700213,35,0,0.018730548899721835,0.00744047619047619,0.009507478083025253,1.187493950620097,0.018730548899721835,0.00744047619047619,0.009507478083025253,1.187493950620097,38,0,0.041387233810933545,0.0001370614035087689,0.017179348837988093,2.4011487744057978,0.041387233810933545,0.0001370614035087689,0.017179348837988093,2.4011487744057978
1.0,2,3,True,9.011342155009451,23.4976,212.045,41,237.9925,34,3,0.09062516565579103,0.00416666666666668,0.027914212622178768,3.0972931301823716,0.04564643520291179,0.004444444444444438,0.011727422696718358,3.5133031207271785,34,3,0.13958775324289352,0.004166666666666652,0.034248190782269844,3.954109209363954,0.08737235066266585,0.004444444444444445,0.018531657005788613,4.474932068531042,33,0,0.018730548899721835,0.0,0.009507478083025253,1.9700859403676718,0.018730548899721835,0.0,0.009507478083025253,1.9700859403676718,33,0,0.041387233810933545,0.00014172335600906583,0.017179348837988093,2.4008774048361907,0.041387233810933545,0.00014172335600906583,0.017179348837988093,2.4008774048361907
1.0,2,6,True,4.750566037735849,14.9519,150.088,30,330.20500000000004,36,3,0.09062516565579103,0.00416666666666668,0.027914212622178768,3.0972931301823716,0.04564643520291179,0.004444444444444438,0.011727422696718358,3.5133031207271785,36,3,0.13958775324289352,0.004166666666666652,0.034248190782269844,3.954109209363954,0.08737235066266585,0.004444444444444445,0.018531657005788613,4.474932068531042,38,0,0.018730548899721835,0.0,0.009507478083025253,1.9700859403676718,0.018730548899721835,0.0,0.009507478083025253,1.9700859403676718,39,0,0.041387233810933545,0.0,0.017179348837988093,2.409127039752252,0.041387233810933545,0.0,0.017179348837988093,2.409127039752252
1.0,2,10,True,3.75,10.6797,113.177,26,443.85125,38,3,0.09062516565579103,0.0,0.027914212622178768,3.2465599829882477,0.04564643520291179,0.0,0.011727422696718358,3.892281909109055,38,3,0.13958775324289352,-2.7755575615628914e-17,0.034248190782269844,4.075770137182183,0.08737235066266585,0.0,0.018531657005788613,4.714761914456647,39,0,0.018730548899721835,0.0,0.009507478083025253,1.9700859403676718,0.018730548899721835,0.0,0.009507478083025253,1.9700859403676718,40,0,0.041387233810933545,0.0,0.017179348837988093,2.409127039752252,0.041387233810933545,0.0,0.017179348837988093,2.409127039752252
1.0,3,3,True,9.61573373676248,23.4976,212.045,41,237.9925,35,3,0.09062516565579103,0.0,0.027914212622178768,3.2465599829882477,0.04564643520291179,0.0,0.011727422696718358,3.892281909109055,35,3,0.13958775324289352,-2.7755575615628914e-17,0.034248190782269844,4.075770137182183,0.08737235066266585,0.0,0.018531657005788613,4.714761914456647,33,0,0.018730548899721835,0.0,0.009507478083025253,1.9700859403676718,0.018730548899721835,0.0,0.009507478083025253,1.9700859403676718,33,0,0.041387233810933545,0.00014172335600906583,0.017179348837988093,2.4008774048361907,0.041387233810933545,0.00014172335600906583,0.017179348837988093,2.4008774048361907
1.0,3,6,True,5.030234416622269,14.9519,150.088,30,330.20500000000004,37,3,0.09062516565579103,0.0,0.027914212622178768,3.2465599829882477,0.04564643520291179,0.0,0.011727422696718358,3.892281909109055,37,3,0.13958775324289352,-2.7755575615628914e-17,0.034248190782269844,4.075770137182183,0.08737235066266585,0.0,0.018531657005788613,4.714761914456647,38,0,0.018730548899721835,0.0,0.009507478083025253,1.9700859403676718,0.018730548899721835,0.0,0.009507478083025253,1.9700859403676718,39,0,0.041387233810933545,0.0,0.017179348837988093,2.409127039752252,0.041387233810933545,0.0,0.017179348837988093,2.409127039752252
1.0,3,10,True,3.756237006237006,10.6797,113.177,26,443.85125,38,3,0.09062516565579103,0.0,0.027914212622178768,3.2465599829882477,0.04564643520291179,0.0,0.011727422696718358,3.892281909109055,38,3,0.13958775324289352,-2.7755575615628914e-17,0.034248190782269844,4.075770137182183,0.08737235066266585,0.0,0.018531657005788613,4.714761914456647,39,0,0.018730548899721835,0.0,0.009507478083025253,1.9700859403676718,0.018730548899721835,0.0,0.009507478083025253,1.9700859403676718,40,0,0.041387233810933545,0.0,0.017179348837988093,2.409127039752252,0.041387233810933545,0.0,0.017179348837988093,2.409127039752252
1.5,1,3,True,9.015602836879433,23.4976,212.045,41,237.9925,35,3,0.09062516565579103,0.009496124031007747,0.027914212622178768,2.906370411477183,0.04564643520291179,0.010129198966408265,0.011727422696718358,3.0285628100061732,35,3,0.13958775324289352,0.009496124031007747,0.034248190782269844,3.7984963947127306,0.08737235066266585,0.010129198966408265,0.018531657005788613,4.168172963277361,33,0,0.018730548899721835,0.0010629251700680284,0.009507478083025253,1.8582870846894466,0.018730548899721835,0.0010629251700680284,0.009507478083025253,1.8582870846894466,37,0,0.041387233810933545,0.0001370614035087689,0.017179348837988093,2.4011487744057978,0.041387233810933545,0.0001370614035087689,0.017179348837988093,2.4011487744057978
1.5,1,6,True,4.755950132225161,14.9519,150.088,30,330.20500000000004,38,3,0.09062516565579103,0.00416666666666668,0.027914212622178768,3.0972931301823716,0.04564643520291179,0.004444444444444438,0.011727422696718358,3.5133031207271785,38,3,0.13958775324289352,0.004166666666666652,0.034248190782269844,3.954109209363954,0.08737235066266585,0.004444444444444445,0.018531657005788613,4.474932068531042,38,0,0.018730548899721835,0.00021258503401360568,0.009507478083025253,1.9477261692320267,0.018730548899721835,0.00021258503401360568,0.009507478083025253,1.9477261692320267,40,0,0.041387233810933545,0.0,0.017179348837988093,2.409127039752252,0.041387233810933545,0.0,0.017179348837988093,2.409127039752252
1.5,1,10,True,3.506550218340611,10.6797,113.177,26,443.85125,39,3,0.09062516565579103,0.00416666666666668,0.027914212622178768,3.0972931301823716,0.04564643520291179,0.004444444444444438,0.011727422696718358,3.5133031207271785,39,3,0.13958775324289352,0.004166666666666652,0.034248190782269844,3.954109209363954,0.08737235066266585,0.004444444444444445,0.018531657005788613,4.474932068531042,39,0,0.018730548899721835,0.00021258503401360568,0.009507478083025253,1.9477261692320267,0.018730548899721835,0.00021258503401360568,0.009507478083025253,1.9477261692320267,40,0,0.041387233810933545,0.0,0.017179348837988093,2.409127039752252,0.041387233810933545,0.0,0.017179348837988093,2.409127039752252
1.5,2,3,True,6.007561436672968,23.4976,212.045,41,237.9925,37,3,0.09062516565579103,0.0,0.027914212622178768,3.2465599829882477,0.04564643520291179,0.0,0.011727422696718358,3.892281909109055,37,3,0.13958775324289352,-2.7755575615628914e-17,0.034248190782269844,4.075770137182183,0.08737235066266585,0.0,0.018531657005788613,4.714761914456647,39,0,0.018730548899721835,0.0,0.009507478083025253,1.9700859403676718,0.018730548899721835,0.0,0.009507478083025253,1.9700859403676718,40,0,0.041387233810933545,0.0,0.017179348837988093,2.409127039752252,0.041387233810933545,0.0,0.017179348837988093,2.409127039752252
1.5,2,6,True,3.1670440251572325,14.9519,150.088,30,330.20500000000004,39,3,0.09062516565579103,0.0,0.027914212622178768,3.2465599829882477,0.04564643520291179,0.0,0.011727422696718358,3.892281909109055,39,3,0.13958775324289352,-2.7755575615628914e-17,0.034248190782269844,4.075770137182183,0.08737235066266585,0.0,0.018531657005788613,4.714761914456647,41,0,0.018730548899721835,0.0,0.009507478083025253,1.9700859403676718,0.018730548899721835,0.0,0.009507478083025253,1.9700859403676718,42,0,0.041387233810933545,0.0,0.017179348837988093,2.409127039752252,0.041387233810933545,0.0,0.017179348837988093,2.409127039752252
1.5,2,10,True,2.5,10.6797,113.177,26,443.85125,40,3,0.09062516565579103,0.0,0.027914212622178768,3.2465599829882477,0.04564643520291179,0.0,0.011727422696718358,3.892281909109055,40,3,0.13958775324289352,-2.7755575615628914e-17,0.034248190782269844,4.075770137182183,0.08737235066266585,0.0,0.018531657005788613,4.714761914456647,42,0,0.018730548899721835,0.0,0.009507478083025253,1.9700859403676718,0.018730548899721835,0.0,0.009507478083025253,1.9700859403676718,42,0,0.041387233810933545,0.0,0.017179348837988093,2.409127039752252,0.041387233810933545,0.0,0.017179348837988093,2.409127039752252
1.5,3,3,True,6.410489157841654,23.4976,212.045,41,237.9925,37,3,0.09062516565579103,0.0,0.027914212622178768,3.2465599829882477,0.04564643520291179,0.0,0.011727422696718358,3.892281909109055,37,3,0.13958775324289352,-2.7755575615628914e-17,0.034248190782269844,4.075770137182183,0.08737235066266585,0.0,0.018531657005788613,4.714761914456647,39,0,0.018730548899721835,0.0,0.009507478083025253,1.9700859403676718,0.018730548899721835,0.0,0.009507478083025253,1.9700859403676718,40,0,0.041387233810933545,0.0,0.017179348837988093,2.409127039752252,0.041387233810933545,0.0,0.017179348837988093,2.409127039752252
1.5,3,6,True,3.353489611081513,14.9519,150.088,30,330.20500000000004,39,3,0.09062516565579103,0.0,0.027914212622178768,3.2465599829882477,0.04564643520291179,0.0,0.011727422696718358,3.892281909109055,39,3,0.13958775324289352,-2.7755575615628914e-17,0.034248190782269844,4.075770137182183,0.08737235066266585,0.0,0.018531657005788613,4.714761914456647,41,0,0.018730548899721835,0.0,0.009507478083025253,1.9700859403676718,0.018730548899721835,0.0,0.009507478083025253,1.9700859403676718,42,0,0.041387233810933545,0.0,0.017179348837988093,2.409127039752252,0.041387233810933545,0.0,0.017179348837988093,2.409127039752252
1.5,3,10,True,2.504158004158004,10.6797,113.177,26,443.85125,40,3,0.09062516565579103,0.0,0.027914212622178768,3.2465599829882477,0.04564643520291179,0.0,0.011727422696718358,3.892281909109055,40,3,0.13958775324289352,-2.7755575615628914e-17,0.034248190782269844,4.075770137182183,0.08737235066266585,0.0,0.018531657005788613,4.714761914456647,42,0,0.018730548899721835,0.0,0.009507478083025253,1.9700859403676718,0.018730548899721835,0.0,0.009507478083025253,1.9700859403676718,42,0,0.041387233810933545,0.0,0.017179348837988093,2.409127039752252,0.041387233810933545,0.0,0.017179348837988093,2.409127039752252
2.0,1,3,True,6.761702127659574,23.4976,212.045,41,237.9925,38,3,0.09062516565579103,0.00416666666666668,0.027914212622178768,3.0972931301823716,0.04564643520291179,0.004444444444444438,0.011727422696718358,3.5133031207271785,38,3,0.13958775324289352,0.004166666666666652,0.034248190782269844,3.954109209363954,0.08737235066266585,0.004444444444444445,0.018531657005788613,4.474932068531042,38,0,0.018730548899721835,0.00021258503401360568,0.009507478083025253,1.9477261692320267,0.018730548899721835,0.00021258503401360568,0.009507478083025253,1.9477261692320267,40,0,0.041387233810933545,0.0,0.017179348837988093,2.409127039752252,0.041387233810933545,0.0,0.017179348837988093,2.409127039752252
2.0,1,6,True,3.5669625991688703,14.9519,150.088,30,330.20500000000004,40,3,0.09062516565579103,0.00416666666666668,0.027914212622178768,3.0972931301823716,0.04564643520291179,0.004444444444444438,0.011727422696718358,3.5133031207271785,40,3,0.13958775324289352,0.004166666666666652,0.034248190782269844,3.954109209363954,0.08737235066266585,0.004444444444444445,0.018531657005788613,4.474932068531042,39,0,0.018730548899721835,0.00021258503401360568,0.009507478083025253,1.9477261692320267,0.018730548899721835,0.00021258503401360568,0.009507478083025253,1.9477261692320267,40,0,0.041387233810933545,0.0,0.017179348837988093,2.409127039752252,0.041387233810933545,0.0,0.017179348837988093,2.409127039752252
2.0,1,10,True,2.6299126637554586,10.6797,113.177,26,443.85125,40,3,0.09062516565579103,0.00416666666666668,0.027914212622178768,3.0972931301823716,0.04564643520291179,0.004444444444444438,0.011727422696718358,3.5133031207271785,40,3,0.13958775324289352,0.004166666666666652,0.034248190782269844,3.954109209363954,0.08737235066266585,0.004444444444444445,0.018531657005788613,4.474932068531042,39,0,0.018730548899721835,0.00021258503401360568,0.009507478083025253,1.9477261692320267,0.018730548899721835,0.00021258503401360568,0.009507478083025253,1.9477261692320267,40,0,0.041387233810933545,0.0,0.017179348837988093,2.409127039752252,0.041387233810933545,0.0,0.017179348837988093,2.409127039752252
2.0,2,3,True,4.505671077504726,23.4976,212.045,41,237.9925,39,3,0.09062516565579103,0.0,0.027914212622178768,3.2465599829882477,0.04564643520291179,0.0,0.011727422696718358,3.892281909109055,39,3,0.13958775324289352,-2.7755575615628914e-17,0.034248190782269844,4.075770137182183,0.08737235066266585,0.0,0.018531657005788613,4.714761914456647,41,0,0.018730548899721835,0.0,0.009507478083025253,1.9700859403676718,0.018730548899721835,0.0,0.009507478083025253,1.9700859403676718,42,0,0.041387233810933545,0.0,0.017179348837988093,2.409127039752252,0.041387233810933545,0.0,0.017179348837988093,2.409127039752252
2.0,2,6,True,2.3752830188679246,14.9519,150.088,30,330.20500000000004,41,3,0.09062516565579103,0.0,0.027914212622178768,3.2465599829882477,0.04564643520291179,0.0,0.011727422696718358,3.892281909109055,41,3,0.13958775324289352,-2.7755575615628914e-17,0.034248190782269844,4.075770137182183,0.08737235066266585,0.0,0.018531657005788613,4.714761914456647,43,0,0.018730548899721835,0.0,0.009507478083025253,1.9700859403676718,0.018730548899721835,0.0,0.009507478083025253,1.9700859403676718,43,0,0.041387233810933545,0.0,0.017179348837988093,2.409127039752252,0.041387233810933545,0.0,0.017179348837988093,2.409127039752252
2.0,2,10,True,1.875,10.6797,113.177,26,443.85125,41,3,0.09062516565579103,0.0,0.027914212622178768,3.2465599829882477,0.04564643520291179,0.0,0.011727422696718358,3.892281909109055,41,3,0.13958775324289352,-2.7755575615628914e-17,0.034248190782269844,4.075770137182183,0.08737235066266585,0.0,0.018531657005788613,4.714761914456647,43,0,0.018730548899721835,0.0,0.009507478083025253,1.9700859403676718,0.018730548899721835,0.0,0.009507478083025253,1.9700859403676718,43,0,0.041387233810933545,0.0,0.017179348837988093,2.409127039752252,0.041387233810933545,0.0,0.017179348837988093,2.409127039752252
2.0,3,3,True,4.80786686838124,23.4976,212.045,41,237.9925,39,3,0.09062516565579103,0.0,0.027914212622178768,3.2465599829882477,0.04564643520291179,0.0,0.011727422696718358,3.892281909109055,39,3,0.13958775324289352,-2.7755575615628914e-17,0.034248190782269844,4.075770137182183,0.08737235066266585,0.0,0.018531657005788613,4.714761914456647,41,0,0.018730548899721835,0.0,0.009507478083025253,1.9700859403676718,0.018730548899721835,0.0,0.009507478083025253,1.9700859403676718,42,0,0.041387233810933545,0.0,0.017179348837988093,2.409127039752252,0.041387233810933545,0.0,0.017179348837988093,2.409127039752252
2.0,3,6,True,2.5151172083111346,14.9519,150.088,30,330.20500000000004,41,3,0.09062516565579103,0.0,0.027914212622178768,3.2465599829882477,0.04564643520291179,0.0,0.011727422696718358,3.892281909109055,41,3,0.13958775324289352,-2.7755575615628914e-17,0.034248190782269844,4.075770137182183,0.08737235066266585,0.0,0.018531657005788613,4.714761914456647,43,0,0.018730548899721835,0.0,0.009507478083025253,1.9700859403676718,0.018730548899721835,0.0,0.009507478083025253,1.9700859403676718,43,0,0.041387233810933545,0.0,0.017179348837988093,2.409127039752252,0.041387233810933545,0.0,0.017179348837988093,2.409127039752252
2.0,3,10,True,1.878118503118503,10.6797,113.177,26,443.85125,41,3,0.09062516565579103,0.0,0.027914212622178768,3.2465599829882477,0.04564643520291179,0.0,0.011727422696718358,3.892281909109055,41,3,0.13958775324289352,-2.7755575615628914e-17,0.034248190782269844,4.075770137182183,0.08737235066266585,0.0,0.018531657005788613,4.714761914456647,43,0,0.018730548899721835,0.0,0.009507478083025253,1.9700859403676718,0.018730548899721835,0.0,0.009507478083025253,1.9700859403676718,43,0,0.041387233810933545,0.0,0.017179348837988093,2.409127039752252,0.041387233810933545,0.0,0.017179348837988093,2.409127039752252
3.0,1,3,True,4.507801418439716,23.4976,212.045,41,237.9925,40,3,0.09062516565579103,0.00416666666666668,0.027914212622178768,3.0972931301823716,0.04564643520291179,0.004444444444444438,0.011727422696718358,3.5133031207271785,40,3,0.13958775324289352,0.004166666666666652,0.034248190782269844,3.954109209363954,0.08737235066266585,0.004444444444444445,0.018531657005788613,4.474932068531042,39,0,0.018730548899721835,0.00021258503401360568,0.009507478083025253,1.9477261692320267,0.018730548899721835,0.00021258503401360568,0.009507478083025253,1.9477261692320267,40,0,0.041387233810933545,0.0,0.017179348837988093,2.409127039752252,0.041387233810933545,0.0,0.017179348837988093,2.409127039752252
3.0,1,6,True,2.3779750661125805,14.9519,150.088,30,330.20500000000004,40,3,0.09062516565579103,0.00416666666666668,0.027914212622178768,3.0972931301823716,0.04564643520291179,0.004444444444444438,0.011727422696718358,3.5133031207271785,40,3,0.13958775324289352,0.004166666666666652,0.034248190782269844,3.954109209363954,0.08737235066266585,0.004444444444444445,0.018531657005788613,4.474932068531042,41,0,0.018730548899721835,0.0,0.009507478083025253,1.9700859403676718,0.018730548899721835,0.0,0.009507478083025253,1.9700859403676718,41,0,0.041387233810933545,0.0,0.017179348837988093,2.409127039752252,0.041387233810933545,0.0,0.017179348837988093,2.409127039752252
3.0,1,10,True,1.7532751091703056,10.6797,113.177,26,443.85125,40,3,0.09062516565579103,0.00416666666666668,0.027914212622178768,3.0972931301823716,0.04564643520291179,0.004444444444444438,0.011727422696718358,3.5133031207271785,40,3,0.13958775324289352,0.004166666666666652,0.034248190782269844,3.954109209363954,0.08737235066266585,0.004444444444444445,0.018531657005788613,4.474932068531042,42,0,0.018730548899721835,0.0,0.009507478083025253,1.9700859403676718,0.018730548899721835,0.0,0.009507478083025253,1.9700859403676718,42,0,0.041387233810933545,0.0,0.017179348837988093,2.409127039752252,0.041387233810933545,0.0,0.017179348837988093,2.409127039752252
3.0,2,3,True,3.003780718336484,23.4976,212.045,41,237.9925,41,3,0.09062516565579103,0.0,0.027914212622178768,3.2465599829882477,0.04564643520291179,0.0,0.011727422696718358,3.892281909109055,41,3,0.13958775324289352,-2.7755575615628914e-17,0.034248190782269844,4.075770137182183,0.08737235066266585,0.0,0.018531657005788613,4.714761914456647,42,0,0.018730548899721835,0.0,0.009507478083025253,1.9700859403676718,0.018730548899721835,0.0,0.009507478083025253,1.9700859403676718,42,0,0.041387233810933545,0.0,0.017179348837988093,2.409127039752252,0.041387233810933545,0.0,0.017179348837988093,2.409127039752252
3.0,2,6,True,1.5835220125786162,14.9519,150.088,30,330.20500000000004,41,3,0.09062516565579103,0.0,0.027914212622178768,3.2465599829882477,0.04564643520291179,0.0,0.011727422696718358,3.892281909109055,41,3,0.13958775324289352,-2.7755575615628914e-17,0.034248190782269844,4.075770137182183,0.08737235066266585,0.0,0.018531657005788613,4.714761914456647,44,0,0.018730548899721835,0.0,0.009507478083025253,1.9700859403676718,0.018730548899721835,0.0,0.009507478083025253,1.9700859403676718,44,0,0.041387233810933545,0.0,0.017179348837988093,2.409127039752252,0.041387233810933545,0.0,0.017179348837988093,2.409127039752252
3.0,2,10,True,1.25,10.6797,113.177,26,443.85125,41,3,0.09062516565579103,0.0,0.027914212622178768,3.2465599829882477,0.04564643520291179,0.0,0.011727422696718358,3.892281909109055,41,3,0.13958775324289352,-2.7755575615628914e-17,0.034248190782269844,4.075770137182183,0.08737235066266585,0.0,0.018531657005788613,4.714761914456647,44,0,0.018730548899721835,0.0,0.009507478083025253,1.9700859403676718,0.018730548899721835,0.0,0.009507478083025253,1.9700859403676718,44,0,0.041387233810933545,0.0,0.017179348837988093,2.409127039752252,0.041387233810933545,0.0,0.017179348837988093,2.409127039752252
3.0,3,3,True,3.205244578920827,23.4976,212.045,41,237.9925,41,3,0.09062516565579103,0.0,0.027914212622178768,3.2465599829882477,0.04564643520291179,0.0,0.011727422696718358,3.892281909109055,41,3,0.13958775324289352,-2.7755575615628914e-17,0.034248190782269844,4.075770137182183,0.08737235066266585,0.0,0.018531657005788613,4.714761914456647,42,0,0.018730548899721835,0.0,0.009507478083025253,1.9700859403676718,0.018730548899721835,0.0,0.009507478083025253,1.9700859403676718,42,0,0.041387233810933545,0.0,0.017179348837988093,2.409127039752252,0.041387233810933545,0.0,0.017179348837988093,2.409127039752252
3.0,3,6,True,1.6767448055407566,14.9519,150.088,30,330.20500000000004,41,3,0.09062516565579103,0.0,0.027914212622178768,3.2465599829882477,0.04564643520291179,0.0,0.011727422696718358,3.892281909109055,41,3,0.13958775324289352,-2.7755575615628914e-17,0.034248190782269844,4.075770137182183,0.08737235066266585,0.0,0.018531657005788613,4.714761914456647,44,0,0.018730548899721835,0.0,0.009507478083025253,1.9700859403676718,0.018730548899721835,0.0,0.009507478083025253,1.9700859403676718,44,0,0.041387233810933545,0.0,0.017179348837988093,2.409127039752252,0.041387233810933545,0.0,0.017179348837988093,2.409127039752252
3.0,3,10,True,1.252079002079002,10.6797,113.177,26,443.85125,41,3,0.09062516565579103,0.0,0.027914212622178768,3.2465599829882477,0.04564643520291179,0.0,0.011727422696718358,3.892281909109055,41,3,0.13958775324289352,-2.7755575615628914e-17,0.034248190782269844,4.075770137182183,0.08737235066266585,0.0,0.018531657005788613,4.714761914456647,44,0,0.018730548899721835,0.0,0.009507478083025253,1.9700859403676718,0.018730548899721835,0.0,0.009507478083025253,1.9700859403676718,44,0,0.041387233810933545,0.0,0.017179348837988093,2.409127039752252,0.041387233810933545,0.0,0.017179348837988093,2.409127039752252
